doc_id,file_path,title,source_url,retrieved_at,document_version,license_or_permission
buyer-return-conditions,data/shopee-return-refund/buyer-return-conditions.md,"Điều kiện, thời hạn yêu cầu và điều kiện hoàn tiền",https://help.shopee.vn/portal/4/article/77251,2026-09-20,effective-2026-03-11,public-source
seller-return-shipping,data/shopee-return-refund/seller-return-shipping.md,Phí vận chuyển hoàn trả và xử lý kiện hàng,https://help.shopee.vn/portal/4/article/77251,2026-09-20,effective-2026-03-11,public-source
buyer-return-request,data/shopee-return-refund/buyer-return-request.md,Người mua tạo yêu cầu trả hàng và hoàn tiền,https://help.shopee.vn/portal/4/article/79233,2026-09-20,not-stated,public-source
buyer-refund-processing,data/shopee-return-refund/buyer-refund-processing.md,Người mua nhận và kiểm tra tiền hoàn,https://shopee.vn/blog/?p=188413,2026-09-20,published-2026-09-15,public-source
buyer-warranty-claim,data/shopee-return-refund/buyer-warranty-claim.md,Điều kiện bảo hành dành cho người mua,https://help.shopee.vn/portal/4/article/77245,2026-09-20,updated-2025-01-03,public-source
buyer-received-wrong-item,data/shopee-return-refund/buyer-received-wrong-item.md,Bằng chứng của người mua khi nhận sai hoặc thiếu hàng,https://help.shopee.vn/portal/4/article/79467,2026-09-20,not-stated,public-source
seller-return-handling,data/shopee-return-refund/seller-return-handling.md,Người bán phản hồi quyết định trả hàng và hoàn tiền,https://help.shopee.vn/portal/4/article/77251,2026-09-20,effective-2026-03-11,public-source
seller-refund-dispute,data/shopee-return-refund/seller-refund-dispute.md,Trách nhiệm người bán khi giải quyết tranh chấp,https://help.shopee.vn/portal/4/article/77265,2026-09-20,published-2024-03-15,public-source
seller-warranty-obligations,data/shopee-return-refund/seller-warranty-obligations.md,Nghĩa vụ bảo hành của người bán,https://help.shopee.vn/portal/4/article/77245,2026-09-20,updated-2025-01-03,public-source
